employee_id,date,state
E001,2025-10-22,F
E002,2025-10-22,F
E003,2025-10-22,F
E004,2025-10-22,F
E005,2025-10-22,F
E006,2025-10-22,F
E007,2025-10-22,F
E008,2025-10-22,F
E009,2025-10-22,F
E010,2025-10-22,F
E011,2025-10-22,F
E012,2025-10-22,F
E013,2025-10-22,F
E014,2025-10-22,F
E015,2025-10-22,F
E016,2025-10-22,F
E017,2025-10-22,F
E018,2025-10-22,F
E019,2025-10-22,F
E020,2025-10-22,F
E021,2025-10-22,F
E022,2025-10-22,F
E023,2025-10-22,F
E024,2025-10-22,F
E025,2025-10-22,F
E026,2025-10-22,F
E027,2025-10-22,F
E028,2025-10-22,F
E029,2025-10-22,F
E030,2025-10-22,F
E031,2025-10-22,F
E032,2025-10-22,F
E033,2025-10-22,F
E034,2025-10-22,F
E035,2025-10-22,F
E036,2025-10-22,F
E037,2025-10-22,F
E038,2025-10-22,F
E039,2025-10-22,F
E040,2025-10-22,F
E041,2025-10-22,F
E042,2025-10-22,F
E043,2025-10-22,F
E044,2025-10-22,F
E045,2025-10-22,F
E046,2025-10-22,F
E047,2025-10-22,F
E048,2025-10-22,F
E049,2025-10-22,F
E050,2025-10-22,F
E051,2025-10-22,F
E052,2025-10-22,F
E053,2025-10-22,F
E054,2025-10-22,F
E055,2025-10-22,F
E056,2025-10-22,F
E057,2025-10-22,F
E058,2025-10-22,F
E059,2025-10-22,F
E060,2025-10-22,F
E061,2025-10-22,F
E062,2025-10-22,F
E063,2025-10-22,F
E064,2025-10-22,F
E065,2025-10-22,F
E066,2025-10-22,F
E067,2025-10-22,F
E068,2025-10-22,F
E069,2025-10-22,F
E070,2025-10-22,F
E001,2025-10-23,F
E002,2025-10-23,F
E003,2025-10-23,F
E004,2025-10-23,F
E005,2025-10-23,F
E006,2025-10-23,F
E007,2025-10-23,F
E008,2025-10-23,F
E009,2025-10-23,F
E010,2025-10-23,F
E011,2025-10-23,F
E012,2025-10-23,F
E013,2025-10-23,F
E014,2025-10-23,F
E015,2025-10-23,F
E016,2025-10-23,F
E017,2025-10-23,F
E018,2025-10-23,F
E019,2025-10-23,F
E020,2025-10-23,F
E021,2025-10-23,F
E022,2025-10-23,F
E023,2025-10-23,F
E024,2025-10-23,F
E025,2025-10-23,F
E026,2025-10-23,F
E027,2025-10-23,F
E028,2025-10-23,F
E029,2025-10-23,F
E030,2025-10-23,F
E031,2025-10-23,F
E032,2025-10-23,F
E033,2025-10-23,F
E034,2025-10-23,F
E035,2025-10-23,F
E036,2025-10-23,F
E037,2025-10-23,F
E038,2025-10-23,F
E039,2025-10-23,F
E040,2025-10-23,F
E041,2025-10-23,F
E042,2025-10-23,F
E043,2025-10-23,F
E044,2025-10-23,F
E045,2025-10-23,F
E046,2025-10-23,F
E047,2025-10-23,F
E048,2025-10-23,F
E049,2025-10-23,F
E050,2025-10-23,F
E051,2025-10-23,F
E052,2025-10-23,F
E053,2025-10-23,F
E054,2025-10-23,F
E055,2025-10-23,F
E056,2025-10-23,F
E057,2025-10-23,F
E058,2025-10-23,F
E059,2025-10-23,F
E060,2025-10-23,F
E061,2025-10-23,F
E062,2025-10-23,F
E063,2025-10-23,F
E064,2025-10-23,F
E065,2025-10-23,F
E066,2025-10-23,F
E067,2025-10-23,F
E068,2025-10-23,F
E069,2025-10-23,F
E070,2025-10-23,F
E001,2025-10-24,F
E002,2025-10-24,F
E003,2025-10-24,F
E004,2025-10-24,F
E005,2025-10-24,F
E006,2025-10-24,F
E007,2025-10-24,F
E008,2025-10-24,F
E009,2025-10-24,F
E010,2025-10-24,F
E011,2025-10-24,F
E012,2025-10-24,F
E013,2025-10-24,F
E014,2025-10-24,F
E015,2025-10-24,F
E016,2025-10-24,F
E017,2025-10-24,F
E018,2025-10-24,F
E019,2025-10-24,F
E020,2025-10-24,F
E021,2025-10-24,F
E022,2025-10-24,F
E023,2025-10-24,F
E024,2025-10-24,F
E025,2025-10-24,F
E026,2025-10-24,F
E027,2025-10-24,F
E028,2025-10-24,F
E029,2025-10-24,F
E030,2025-10-24,F
E031,2025-10-24,F
E032,2025-10-24,F
E033,2025-10-24,F
E034,2025-10-24,F
E035,2025-10-24,F
E036,2025-10-24,F
E037,2025-10-24,F
E038,2025-10-24,F
E039,2025-10-24,F
E040,2025-10-24,F
E041,2025-10-24,F
E042,2025-10-24,F
E043,2025-10-24,F
E044,2025-10-24,F
E045,2025-10-24,F
E046,2025-10-24,F
E047,2025-10-24,F
E048,2025-10-24,F
E049,2025-10-24,F
E050,2025-10-24,F
E051,2025-10-24,F
E052,2025-10-24,F
E053,2025-10-24,F
E054,2025-10-24,F
E055,2025-10-24,F
E056,2025-10-24,F
E057,2025-10-24,F
E058,2025-10-24,F
E059,2025-10-24,F
E060,2025-10-24,F
E061,2025-10-24,F
E062,2025-10-24,F
E063,2025-10-24,F
E064,2025-10-24,F
E065,2025-10-24,F
E066,2025-10-24,F
E067,2025-10-24,F
E068,2025-10-24,F
E069,2025-10-24,F
E070,2025-10-24,F
E001,2025-10-25,F
E002,2025-10-25,F
E003,2025-10-25,F
E004,2025-10-25,F
E005,2025-10-25,F
E006,2025-10-25,F
E007,2025-10-25,F
E008,2025-10-25,F
E009,2025-10-25,F
E010,2025-10-25,F
E011,2025-10-25,F
E012,2025-10-25,F
E013,2025-10-25,F
E014,2025-10-25,F
E015,2025-10-25,F
E016,2025-10-25,F
E017,2025-10-25,F
E018,2025-10-25,F
E019,2025-10-25,F
E020,2025-10-25,F
E021,2025-10-25,F
E022,2025-10-25,F
E023,2025-10-25,F
E024,2025-10-25,F
E025,2025-10-25,F
E026,2025-10-25,F
E027,2025-10-25,F
E028,2025-10-25,F
E029,2025-10-25,F
E030,2025-10-25,F
E031,2025-10-25,F
E032,2025-10-25,F
E033,2025-10-25,F
E034,2025-10-25,F
E035,2025-10-25,F
E036,2025-10-25,F
E037,2025-10-25,F
E038,2025-10-25,F
E039,2025-10-25,F
E040,2025-10-25,F
E041,2025-10-25,F
E042,2025-10-25,F
E043,2025-10-25,F
E044,2025-10-25,F
E045,2025-10-25,F
E046,2025-10-25,F
E047,2025-10-25,F
E048,2025-10-25,F
E049,2025-10-25,F
E050,2025-10-25,F
E051,2025-10-25,F
E052,2025-10-25,F
E053,2025-10-25,F
E054,2025-10-25,F
E055,2025-10-25,F
E056,2025-10-25,F
E057,2025-10-25,F
E058,2025-10-25,F
E059,2025-10-25,F
E060,2025-10-25,F
E061,2025-10-25,F
E062,2025-10-25,F
E063,2025-10-25,F
E064,2025-10-25,F
E065,2025-10-25,F
E066,2025-10-25,F
E067,2025-10-25,F
E068,2025-10-25,F
E069,2025-10-25,F
E070,2025-10-25,F
E001,2025-10-26,F
E002,2025-10-26,F
E003,2025-10-26,F
E004,2025-10-26,F
E005,2025-10-26,F
E006,2025-10-26,F
E007,2025-10-26,F
E008,2025-10-26,F
E009,2025-10-26,F
E010,2025-10-26,F
E011,2025-10-26,F
E012,2025-10-26,F
E013,2025-10-26,F
E014,2025-10-26,F
E015,2025-10-26,F
E016,2025-10-26,F
E017,2025-10-26,F
E018,2025-10-26,F
E019,2025-10-26,F
E020,2025-10-26,F
E021,2025-10-26,F
E022,2025-10-26,F
E023,2025-10-26,F
E024,2025-10-26,F
E025,2025-10-26,F
E026,2025-10-26,F
E027,2025-10-26,F
E028,2025-10-26,F
E029,2025-10-26,F
E030,2025-10-26,F
E031,2025-10-26,F
E032,2025-10-26,F
E033,2025-10-26,F
E034,2025-10-26,F
E035,2025-10-26,F
E036,2025-10-26,F
E037,2025-10-26,F
E038,2025-10-26,F
E039,2025-10-26,F
E040,2025-10-26,F
E041,2025-10-26,F
E042,2025-10-26,F
E043,2025-10-26,F
E044,2025-10-26,F
E045,2025-10-26,F
E046,2025-10-26,F
E047,2025-10-26,F
E048,2025-10-26,F
E049,2025-10-26,F
E050,2025-10-26,F
E051,2025-10-26,F
E052,2025-10-26,F
E053,2025-10-26,F
E054,2025-10-26,F
E055,2025-10-26,F
E056,2025-10-26,F
E057,2025-10-26,F
E058,2025-10-26,F
E059,2025-10-26,F
E060,2025-10-26,F
E061,2025-10-26,F
E062,2025-10-26,F
E063,2025-10-26,F
E064,2025-10-26,F
E065,2025-10-26,F
E066,2025-10-26,F
E067,2025-10-26,F
E068,2025-10-26,F
E069,2025-10-26,F
E070,2025-10-26,F
E001,2025-10-27,F
E002,2025-10-27,F
E003,2025-10-27,F
E004,2025-10-27,F
E005,2025-10-27,F
E006,2025-10-27,F
E007,2025-10-27,F
E008,2025-10-27,F
E009,2025-10-27,F
E010,2025-10-27,F
E011,2025-10-27,F
E012,2025-10-27,F
E013,2025-10-27,F
E014,2025-10-27,F
E015,2025-10-27,F
E016,2025-10-27,F
E017,2025-10-27,F
E018,2025-10-27,F
E019,2025-10-27,F
E020,2025-10-27,F
E021,2025-10-27,F
E022,2025-10-27,F
E023,2025-10-27,F
E024,2025-10-27,F
E025,2025-10-27,F
E026,2025-10-27,F
E027,2025-10-27,F
E028,2025-10-27,F
E029,2025-10-27,F
E030,2025-10-27,F
E031,2025-10-27,F
E032,2025-10-27,F
E033,2025-10-27,F
E034,2025-10-27,F
E035,2025-10-27,F
E036,2025-10-27,F
E037,2025-10-27,F
E038,2025-10-27,F
E039,2025-10-27,F
E040,2025-10-27,F
E041,2025-10-27,F
E042,2025-10-27,F
E043,2025-10-27,F
E044,2025-10-27,F
E045,2025-10-27,F
E046,2025-10-27,F
E047,2025-10-27,F
E048,2025-10-27,F
E049,2025-10-27,F
E050,2025-10-27,F
E051,2025-10-27,F
E052,2025-10-27,F
E053,2025-10-27,F
E054,2025-10-27,F
E055,2025-10-27,F
E056,2025-10-27,F
E057,2025-10-27,F
E058,2025-10-27,F
E059,2025-10-27,F
E060,2025-10-27,F
E061,2025-10-27,F
E062,2025-10-27,F
E063,2025-10-27,F
E064,2025-10-27,F
E065,2025-10-27,F
E066,2025-10-27,F
E067,2025-10-27,F
E068,2025-10-27,F
E069,2025-10-27,F
E070,2025-10-27,F
E001,2025-10-28,F
E002,2025-10-28,F
E003,2025-10-28,F
E004,2025-10-28,F
E005,2025-10-28,F
E006,2025-10-28,F
E007,2025-10-28,F
E008,2025-10-28,F
E009,2025-10-28,F
E010,2025-10-28,F
E011,2025-10-28,F
E012,2025-10-28,F
E013,2025-10-28,F
E014,2025-10-28,F
E015,2025-10-28,F
E016,2025-10-28,F
E017,2025-10-28,F
E018,2025-10-28,F
E019,2025-10-28,F
E020,2025-10-28,F
E021,2025-10-28,F
E022,2025-10-28,F
E023,2025-10-28,F
E024,2025-10-28,F
E025,2025-10-28,F
E026,2025-10-28,F
E027,2025-10-28,F
E028,2025-10-28,F
E029,2025-10-28,F
E030,2025-10-28,F
E031,2025-10-28,F
E032,2025-10-28,F
E033,2025-10-28,F
E034,2025-10-28,F
E035,2025-10-28,F
E036,2025-10-28,F
E037,2025-10-28,F
E038,2025-10-28,F
E039,2025-10-28,F
E040,2025-10-28,F
E041,2025-10-28,F
E042,2025-10-28,F
E043,2025-10-28,F
E044,2025-10-28,F
E045,2025-10-28,F
E046,2025-10-28,F
E047,2025-10-28,F
E048,2025-10-28,F
E049,2025-10-28,F
E050,2025-10-28,F
E051,2025-10-28,F
E052,2025-10-28,F
E053,2025-10-28,F
E054,2025-10-28,F
E055,2025-10-28,F
E056,2025-10-28,F
E057,2025-10-28,F
E058,2025-10-28,F
E059,2025-10-28,F
E060,2025-10-28,F
E061,2025-10-28,F
E062,2025-10-28,F
E063,2025-10-28,F
E064,2025-10-28,F
E065,2025-10-28,F
E066,2025-10-28,F
E067,2025-10-28,F
E068,2025-10-28,F
E069,2025-10-28,F
E070,2025-10-28,F
E001,2025-10-29,F
E002,2025-10-29,F
E003,2025-10-29,F
E004,2025-10-29,F
E005,2025-10-29,F
E006,2025-10-29,F
E007,2025-10-29,F
E008,2025-10-29,F
E009,2025-10-29,F
E010,2025-10-29,F
E011,2025-10-29,F
E012,2025-10-29,F
E013,2025-10-29,F
E014,2025-10-29,F
E015,2025-10-29,F
E016,2025-10-29,F
E017,2025-10-29,F
E018,2025-10-29,F
E019,2025-10-29,F
E020,2025-10-29,F
E021,2025-10-29,F
E022,2025-10-29,F
E023,2025-10-29,F
E024,2025-10-29,F
E025,2025-10-29,F
E026,2025-10-29,F
E027,2025-10-29,F
E028,2025-10-29,F
E029,2025-10-29,F
E030,2025-10-29,F
E031,2025-10-29,F
E032,2025-10-29,F
E033,2025-10-29,F
E034,2025-10-29,F
E035,2025-10-29,F
E036,2025-10-29,F
E037,2025-10-29,F
E038,2025-10-29,F
E039,2025-10-29,F
E040,2025-10-29,F
E041,2025-10-29,F
E042,2025-10-29,F
E043,2025-10-29,F
E044,2025-10-29,F
E045,2025-10-29,F
E046,2025-10-29,F
E047,2025-10-29,F
E048,2025-10-29,F
E049,2025-10-29,F
E050,2025-10-29,F
E051,2025-10-29,F
E052,2025-10-29,F
E053,2025-10-29,F
E054,2025-10-29,F
E055,2025-10-29,F
E056,2025-10-29,F
E057,2025-10-29,F
E058,2025-10-29,F
E059,2025-10-29,F
E060,2025-10-29,F
E061,2025-10-29,F
E062,2025-10-29,F
E063,2025-10-29,F
E064,2025-10-29,F
E065,2025-10-29,F
E066,2025-10-29,F
E067,2025-10-29,F
E068,2025-10-29,F
E069,2025-10-29,F
E070,2025-10-29,F
E001,2025-10-30,F
E002,2025-10-30,F
E003,2025-10-30,F
E004,2025-10-30,F
E005,2025-10-30,F
E006,2025-10-30,F
E007,2025-10-30,F
E008,2025-10-30,F
E009,2025-10-30,F
E010,2025-10-30,F
E011,2025-10-30,F
E012,2025-10-30,F
E013,2025-10-30,F
E014,2025-10-30,F
E015,2025-10-30,F
E016,2025-10-30,F
E017,2025-10-30,F
E018,2025-10-30,F
E019,2025-10-30,F
E020,2025-10-30,F
E021,2025-10-30,F
E022,2025-10-30,F
E023,2025-10-30,F
E024,2025-10-30,F
E025,2025-10-30,F
E026,2025-10-30,F
E027,2025-10-30,F
E028,2025-10-30,F
E029,2025-10-30,F
E030,2025-10-30,F
E031,2025-10-30,F
E032,2025-10-30,F
E033,2025-10-30,F
E034,2025-10-30,F
E035,2025-10-30,F
E036,2025-10-30,F
E037,2025-10-30,F
E038,2025-10-30,F
E039,2025-10-30,F
E040,2025-10-30,F
E041,2025-10-30,F
E042,2025-10-30,F
E043,2025-10-30,F
E044,2025-10-30,F
E045,2025-10-30,F
E046,2025-10-30,F
E047,2025-10-30,F
E048,2025-10-30,F
E049,2025-10-30,F
E050,2025-10-30,F
E051,2025-10-30,F
E052,2025-10-30,F
E053,2025-10-30,F
E054,2025-10-30,F
E055,2025-10-30,F
E056,2025-10-30,F
E057,2025-10-30,F
E058,2025-10-30,F
E059,2025-10-30,F
E060,2025-10-30,F
E061,2025-10-30,F
E062,2025-10-30,F
E063,2025-10-30,F
E064,2025-10-30,F
E065,2025-10-30,F
E066,2025-10-30,F
E067,2025-10-30,F
E068,2025-10-30,F
E069,2025-10-30,F
E070,2025-10-30,F
E001,2025-10-31,F
E002,2025-10-31,F
E003,2025-10-31,F
E004,2025-10-31,F
E005,2025-10-31,F
E006,2025-10-31,F
E007,2025-10-31,F
E008,2025-10-31,F
E009,2025-10-31,F
E010,2025-10-31,F
E011,2025-10-31,F
E012,2025-10-31,F
E013,2025-10-31,F
E014,2025-10-31,F
E015,2025-10-31,F
E016,2025-10-31,F
E017,2025-10-31,F
E018,2025-10-31,F
E019,2025-10-31,F
E020,2025-10-31,F
E021,2025-10-31,F
E022,2025-10-31,F
E023,2025-10-31,F
E024,2025-10-31,F
E025,2025-10-31,F
E026,2025-10-31,F
E027,2025-10-31,F
E028,2025-10-31,F
E029,2025-10-31,F
E030,2025-10-31,F
E031,2025-10-31,F
E032,2025-10-31,F
E033,2025-10-31,F
E034,2025-10-31,F
E035,2025-10-31,F
E036,2025-10-31,F
E037,2025-10-31,F
E038,2025-10-31,F
E039,2025-10-31,F
E040,2025-10-31,F
E041,2025-10-31,F
E042,2025-10-31,F
E043,2025-10-31,F
E044,2025-10-31,F
E045,2025-10-31,F
E046,2025-10-31,F
E047,2025-10-31,F
E048,2025-10-31,F
E049,2025-10-31,F
E050,2025-10-31,F
E051,2025-10-31,F
E052,2025-10-31,F
E053,2025-10-31,F
E054,2025-10-31,F
E055,2025-10-31,F
E056,2025-10-31,F
E057,2025-10-31,F
E058,2025-10-31,F
E059,2025-10-31,F
E060,2025-10-31,F
E061,2025-10-31,F
E062,2025-10-31,F
E063,2025-10-31,F
E064,2025-10-31,F
E065,2025-10-31,F
E066,2025-10-31,F
E067,2025-10-31,F
E068,2025-10-31,F
E069,2025-10-31,F
E070,2025-10-31,F
E001,2025-11-01,F
E002,2025-11-01,F
E003,2025-11-01,F
E004,2025-11-01,P
E005,2025-11-01,P
E006,2025-11-01,M
E007,2025-11-01,F
E008,2025-11-01,F
E009,2025-11-01,F
E010,2025-11-01,M
E011,2025-11-01,M
E012,2025-11-01,F
E013,2025-11-01,F
E014,2025-11-01,F
E015,2025-11-01,M
E016,2025-11-01,F
E017,2025-11-01,F
E018,2025-11-01,F
E019,2025-11-01,P
E020,2025-11-01,M
E021,2025-11-01,F
E022,2025-11-01,F
E023,2025-11-01,M
E024,2025-11-01,F
E025,2025-11-01,F
E026,2025-11-01,P
E027,2025-11-01,F
E028,2025-11-01,F
E029,2025-11-01,F
E030,2025-11-01,F
E031,2025-11-01,P
E032,2025-11-01,F
E033,2025-11-01,F
E034,2025-11-01,P
E035,2025-11-01,M
E036,2025-11-01,P
E037,2025-11-01,M
E038,2025-11-01,F
E039,2025-11-01,F
E040,2025-11-01,F
E041,2025-11-01,F
E042,2025-11-01,M
E043,2025-11-01,N
E044,2025-11-01,P
E045,2025-11-01,F
E046,2025-11-01,F
E047,2025-11-01,F
E048,2025-11-01,F
E049,2025-11-01,F
E050,2025-11-01,F
E051,2025-11-01,F
E052,2025-11-01,M
E053,2025-11-01,F
E054,2025-11-01,F
E055,2025-11-01,P
E056,2025-11-01,F
E057,2025-11-01,F
E058,2025-11-01,M
E059,2025-11-01,F
E060,2025-11-01,M
E061,2025-11-01,F
E062,2025-11-01,F
E063,2025-11-01,F
E064,2025-11-01,F
E065,2025-11-01,M
E066,2025-11-01,F
E067,2025-11-01,F
E068,2025-11-01,F
E069,2025-11-01,F
E070,2025-11-01,M
E001,2025-11-02,M
E002,2025-11-02,P
E003,2025-11-02,M
E004,2025-11-02,F
E005,2025-11-02,F
E006,2025-11-02,F
E007,2025-11-02,P
E008,2025-11-02,F
E009,2025-11-02,M
E010,2025-11-02,F
E011,2025-11-02,F
E012,2025-11-02,F
E013,2025-11-02,M
E014,2025-11-02,F
E015,2025-11-02,F
E016,2025-11-02,M
E017,2025-11-02,F
E018,2025-11-02,F
E019,2025-11-02,F
E020,2025-11-02,F
E021,2025-11-02,P
E022,2025-11-02,M
E023,2025-11-02,F
E024,2025-11-02,P
E025,2025-11-02,F
E026,2025-11-02,F
E027,2025-11-02,N
E028,2025-11-02,F
E029,2025-11-02,F
E030,2025-11-02,P
E031,2025-11-02,F
E032,2025-11-02,P
E033,2025-11-02,M
E034,2025-11-02,F
E035,2025-11-02,F
E036,2025-11-02,F
E037,2025-11-02,F
E038,2025-11-02,F
E039,2025-11-02,P
E040,2025-11-02,M
E041,2025-11-02,M
E042,2025-11-02,F
E043,2025-11-02,SN
E044,2025-11-02,F
E045,2025-11-02,F
E046,2025-11-02,F
E047,2025-11-02,F
E048,2025-11-02,F
E049,2025-11-02,M
E050,2025-11-02,P
E051,2025-11-02,F
E052,2025-11-02,F
E053,2025-11-02,F
E054,2025-11-02,F
E055,2025-11-02,F
E056,2025-11-02,M
E057,2025-11-02,P
E058,2025-11-02,F
E059,2025-11-02,F
E060,2025-11-02,F
E061,2025-11-02,F
E062,2025-11-02,M
E063,2025-11-02,M
E064,2025-11-02,F
E065,2025-11-02,F
E066,2025-11-02,M
E067,2025-11-02,F
E068,2025-11-02,F
E069,2025-11-02,F
E070,2025-11-02,F
E001,2025-11-03,M
E002,2025-11-03,F
E003,2025-11-03,F
E004,2025-11-03,F
E005,2025-11-03,M
E006,2025-11-03,M
E007,2025-11-03,F
E008,2025-11-03,F
E009,2025-11-03,F
E010,2025-11-03,F
E011,2025-11-03,P
E012,2025-11-03,P
E013,2025-11-03,F
E014,2025-11-03,F
E015,2025-11-03,M
E016,2025-11-03,M
E017,2025-11-03,F
E018,2025-11-03,P
E019,2025-11-03,F
E020,2025-11-03,F
E021,2025-11-03,F
E022,2025-11-03,M
E023,2025-11-03,F
E024,2025-11-03,F
E025,2025-11-03,F
E026,2025-11-03,P
E027,2025-11-03,SN
E028,2025-11-03,N
E029,2025-11-03,M
E030,2025-11-03,P
E031,2025-11-03,P
E032,2025-11-03,F
E033,2025-11-03,P
E034,2025-11-03,F
E035,2025-11-03,F
E036,2025-11-03,F
E037,2025-11-03,M
E038,2025-11-03,F
E039,2025-11-03,F
E040,2025-11-03,F
E041,2025-11-03,M
E042,2025-11-03,F
E043,2025-11-03,R
E044,2025-11-03,F
E045,2025-11-03,F
E046,2025-11-03,F
E047,2025-11-03,F
E048,2025-11-03,P
E049,2025-11-03,F
E050,2025-11-03,F
E051,2025-11-03,F
E052,2025-11-03,M
E053,2025-11-03,F
E054,2025-11-03,F
E055,2025-11-03,M
E056,2025-11-03,F
E057,2025-11-03,F
E058,2025-11-03,P
E059,2025-11-03,F
E060,2025-11-03,F
E061,2025-11-03,M
E062,2025-11-03,F
E063,2025-11-03,M
E064,2025-11-03,F
E065,2025-11-03,F
E066,2025-11-03,F
E067,2025-11-03,F
E068,2025-11-03,M
E069,2025-11-03,F
E070,2025-11-03,F
E001,2025-11-04,F
E002,2025-11-04,F
E003,2025-11-04,M
E004,2025-11-04,P
E005,2025-11-04,F
E006,2025-11-04,F
E007,2025-11-04,M
E008,2025-11-04,F
E009,2025-11-04,M
E010,2025-11-04,F
E011,2025-11-04,P
E012,2025-11-04,F
E013,2025-11-04,F
E014,2025-11-04,M
E015,2025-11-04,P
E016,2025-11-04,M
E017,2025-11-04,F
E018,2025-11-04,F
E019,2025-11-04,F
E020,2025-11-04,F
E021,2025-11-04,F
E022,2025-11-04,F
E023,2025-11-04,F
E024,2025-11-04,P
E025,2025-11-04,M
E026,2025-11-04,F
E027,2025-11-04,R
E028,2025-11-04,SN
E029,2025-11-04,P
E030,2025-11-04,P
E031,2025-11-04,N
E032,2025-11-04,F
E033,2025-11-04,P
E034,2025-11-04,F
E035,2025-11-04,F
E036,2025-11-04,F
E037,2025-11-04,F
E038,2025-11-04,M
E039,2025-11-04,F
E040,2025-11-04,F
E041,2025-11-04,F
E042,2025-11-04,M
E043,2025-11-04,M
E044,2025-11-04,P
E045,2025-11-04,F
E046,2025-11-04,M
E047,2025-11-04,F
E048,2025-11-04,F
E049,2025-11-04,F
E050,2025-11-04,F
E051,2025-11-04,F
E052,2025-11-04,F
E053,2025-11-04,F
E054,2025-11-04,M
E055,2025-11-04,F
E056,2025-11-04,F
E057,2025-11-04,P
E058,2025-11-04,F
E059,2025-11-04,M
E060,2025-11-04,F
E061,2025-11-04,F
E062,2025-11-04,F
E063,2025-11-04,M
E064,2025-11-04,F
E065,2025-11-04,F
E066,2025-11-04,M
E067,2025-11-04,F
E068,2025-11-04,F
E069,2025-11-04,F
E070,2025-11-04,F
E001,2025-11-05,F
E002,2025-11-05,M
E003,2025-11-05,M
E004,2025-11-05,F
E005,2025-11-05,P
E006,2025-11-05,F
E007,2025-11-05,F
E008,2025-11-05,P
E009,2025-11-05,M
E010,2025-11-05,F
E011,2025-11-05,F
E012,2025-11-05,F
E013,2025-11-05,F
E014,2025-11-05,M
E015,2025-11-05,F
E016,2025-11-05,F
E017,2025-11-05,F
E018,2025-11-05,P
E019,2025-11-05,F
E020,2025-11-05,F
E021,2025-11-05,M
E022,2025-11-05,P
E023,2025-11-05,F
E024,2025-11-05,F
E025,2025-11-05,F
E026,2025-11-05,M
E027,2025-11-05,M
E028,2025-11-05,R
E029,2025-11-05,P
E030,2025-11-05,F
E031,2025-11-05,SN
E032,2025-11-05,P
E033,2025-11-05,F
E034,2025-11-05,F
E035,2025-11-05,F
E036,2025-11-05,M
E037,2025-11-05,N
E038,2025-11-05,F
E039,2025-11-05,R
E040,2025-11-05,R
E041,2025-11-05,P
E042,2025-11-05,M
E043,2025-11-05,F
E044,2025-11-05,F
E045,2025-11-05,F
E046,2025-11-05,F
E047,2025-11-05,P
E048,2025-11-05,F
E049,2025-11-05,F
E050,2025-11-05,F
E051,2025-11-05,M
E052,2025-11-05,F
E053,2025-11-05,P
E054,2025-11-05,F
E055,2025-11-05,F
E056,2025-11-05,F
E057,2025-11-05,F
E058,2025-11-05,M
E059,2025-11-05,F
E060,2025-11-05,F
E061,2025-11-05,F
E062,2025-11-05,M
E063,2025-11-05,F
E064,2025-11-05,F
E065,2025-11-05,M
E066,2025-11-05,F
E067,2025-11-05,F
E068,2025-11-05,M
E069,2025-11-05,F
E070,2025-11-05,F
E001,2025-11-06,M
E002,2025-11-06,F
E003,2025-11-06,F
E004,2025-11-06,F
E005,2025-11-06,F
E006,2025-11-06,F
E007,2025-11-06,M
E008,2025-11-06,F
E009,2025-11-06,M
E010,2025-11-06,P
E011,2025-11-06,P
E012,2025-11-06,F
E013,2025-11-06,F
E014,2025-11-06,F
E015,2025-11-06,F
E016,2025-11-06,F
E017,2025-11-06,F
E018,2025-11-06,F
E019,2025-11-06,P
E020,2025-11-06,M
E021,2025-11-06,M
E022,2025-11-06,F
E023,2025-11-06,F
E024,2025-11-06,P
E025,2025-11-06,M
E026,2025-11-06,F
E027,2025-11-06,P
E028,2025-11-06,P
E029,2025-11-06,F
E030,2025-11-06,M
E031,2025-11-06,R
E032,2025-11-06,F
E033,2025-11-06,N
E034,2025-11-06,M
E035,2025-11-06,F
E036,2025-11-06,F
E037,2025-11-06,SN
E038,2025-11-06,F
E039,2025-11-06,F
E040,2025-11-06,P
E041,2025-11-06,F
E042,2025-11-06,M
E043,2025-11-06,F
E044,2025-11-06,F
E045,2025-11-06,M
E046,2025-11-06,F
E047,2025-11-06,F
E048,2025-11-06,F
E049,2025-11-06,F
E050,2025-11-06,P
E051,2025-11-06,F
E052,2025-11-06,F
E053,2025-11-06,F
E054,2025-11-06,P
E055,2025-11-06,F
E056,2025-11-06,F
E057,2025-11-06,M
E058,2025-11-06,F
E059,2025-11-06,F
E060,2025-11-06,F
E061,2025-11-06,M
E062,2025-11-06,F
E063,2025-11-06,M
E064,2025-11-06,F
E065,2025-11-06,F
E066,2025-11-06,M
E067,2025-11-06,F
E068,2025-11-06,F
E069,2025-11-06,F
E070,2025-11-06,F
E001,2025-11-07,P
E002,2025-11-07,M
E003,2025-11-07,F
E004,2025-11-07,F
E005,2025-11-07,M
E006,2025-11-07,F
E007,2025-11-07,F
E008,2025-11-07,M
E009,2025-11-07,F
E010,2025-11-07,F
E011,2025-11-07,P
E012,2025-11-07,F
E013,2025-11-07,M
E014,2025-11-07,F
E015,2025-11-07,F
E016,2025-11-07,F
E017,2025-11-07,F
E018,2025-11-07,F
E019,2025-11-07,P
E020,2025-11-07,F
E021,2025-11-07,M
E022,2025-11-07,P
E023,2025-11-07,F
E024,2025-11-07,F
E025,2025-11-07,M
E026,2025-11-07,F
E027,2025-11-07,F
E028,2025-11-07,F
E029,2025-11-07,F
E030,2025-11-07,F
E031,2025-11-07,F
E032,2025-11-07,F
E033,2025-11-07,SN
E034,2025-11-07,M
E035,2025-11-07,F
E036,2025-11-07,P
E037,2025-11-07,R
E038,2025-11-07,P
E039,2025-11-07,M
E040,2025-11-07,N
E041,2025-11-07,M
E042,2025-11-07,F
E043,2025-11-07,P
E044,2025-11-07,F
E045,2025-11-07,F
E046,2025-11-07,P
E047,2025-11-07,F
E048,2025-11-07,M
E049,2025-11-07,F
E050,2025-11-07,F
E051,2025-11-07,F
E052,2025-11-07,F
E053,2025-11-07,M
E054,2025-11-07,F
E055,2025-11-07,P
E056,2025-11-07,F
E057,2025-11-07,F
E058,2025-11-07,F
E059,2025-11-07,F
E060,2025-11-07,F
E061,2025-11-07,M
E062,2025-11-07,F
E063,2025-11-07,F
E064,2025-11-07,F
E065,2025-11-07,M
E066,2025-11-07,F
E067,2025-11-07,F
E068,2025-11-07,F
E069,2025-11-07,F
E070,2025-11-07,M
E001,2025-11-08,F
E002,2025-11-08,F
E003,2025-11-08,F
E004,2025-11-08,F
E005,2025-11-08,M
E006,2025-11-08,M
E007,2025-11-08,P
E008,2025-11-08,F
E009,2025-11-08,P
E010,2025-11-08,F
E011,2025-11-08,F
E012,2025-11-08,M
E013,2025-11-08,F
E014,2025-11-08,P
E015,2025-11-08,F
E016,2025-11-08,F
E017,2025-11-08,F
E018,2025-11-08,M
E019,2025-11-08,F
E020,2025-11-08,M
E021,2025-11-08,F
E022,2025-11-08,P
E023,2025-11-08,M
E024,2025-11-08,F
E025,2025-11-08,F
E026,2025-11-08,F
E027,2025-11-08,F
E028,2025-11-08,F
E029,2025-11-08,F
E030,2025-11-08,M
E031,2025-11-08,F
E032,2025-11-08,F
E033,2025-11-08,R
E034,2025-11-08,M
E035,2025-11-08,M
E036,2025-11-08,F
E037,2025-11-08,P
E038,2025-11-08,P
E039,2025-11-08,F
E040,2025-11-08,SN
E041,2025-11-08,F
E042,2025-11-08,P
E043,2025-11-08,N
E044,2025-11-08,F
E045,2025-11-08,F
E046,2025-11-08,F
E047,2025-11-08,F
E048,2025-11-08,P
E049,2025-11-08,F
E050,2025-11-08,F
E051,2025-11-08,F
E052,2025-11-08,M
E053,2025-11-08,F
E054,2025-11-08,F
E055,2025-11-08,P
E056,2025-11-08,M
E057,2025-11-08,F
E058,2025-11-08,F
E059,2025-11-08,F
E060,2025-11-08,F
E061,2025-11-08,M
E062,2025-11-08,F
E063,2025-11-08,M
E064,2025-11-08,F
E065,2025-11-08,F
E066,2025-11-08,F
E067,2025-11-08,F
E068,2025-11-08,F
E069,2025-11-08,M
E070,2025-11-08,F
E001,2025-11-09,F
E002,2025-11-09,M
E003,2025-11-09,P
E004,2025-11-09,F
E005,2025-11-09,M
E006,2025-11-09,F
E007,2025-11-09,F
E008,2025-11-09,M
E009,2025-11-09,F
E010,2025-11-09,F
E011,2025-11-09,F
E012,2025-11-09,P
E013,2025-11-09,M
E014,2025-11-09,F
E015,2025-11-09,F
E016,2025-11-09,F
E017,2025-11-09,P
E018,2025-11-09,M
E019,2025-11-09,F
E020,2025-11-09,F
E021,2025-11-09,F
E022,2025-11-09,P
E023,2025-11-09,M
E024,2025-11-09,F
E025,2025-11-09,F
E026,2025-11-09,F
E027,2025-11-09,F
E028,2025-11-09,P
E029,2025-11-09,M
E030,2025-11-09,F
E031,2025-11-09,F
E032,2025-11-09,F
E033,2025-11-09,M
E034,2025-11-09,F
E035,2025-11-09,M
E036,2025-11-09,P
E037,2025-11-09,N
E038,2025-11-09,F
E039,2025-11-09,P
E040,2025-11-09,R
E041,2025-11-09,F
E042,2025-11-09,F
E043,2025-11-09,SN
E044,2025-11-09,P
E045,2025-11-09,F
E046,2025-11-09,F
E047,2025-11-09,F
E048,2025-11-09,F
E049,2025-11-09,F
E050,2025-11-09,F
E051,2025-11-09,M
E052,2025-11-09,F
E053,2025-11-09,M
E054,2025-11-09,F
E055,2025-11-09,F
E056,2025-11-09,F
E057,2025-11-09,F
E058,2025-11-09,P
E059,2025-11-09,F
E060,2025-11-09,M
E061,2025-11-09,F
E062,2025-11-09,F
E063,2025-11-09,F
E064,2025-11-09,M
E065,2025-11-09,F
E066,2025-11-09,F
E067,2025-11-09,F
E068,2025-11-09,M
E069,2025-11-09,F
E070,2025-11-09,F
E001,2025-11-10,F
E002,2025-11-10,F
E003,2025-11-10,F
E004,2025-11-10,P
E005,2025-11-10,F
E006,2025-11-10,M
E007,2025-11-10,F
E008,2025-11-10,M
E009,2025-11-10,P
E010,2025-11-10,F
E011,2025-11-10,M
E012,2025-11-10,F
E013,2025-11-10,F
E014,2025-11-10,P
E015,2025-11-10,F
E016,2025-11-10,F
E017,2025-11-10,F
E018,2025-11-10,F
E019,2025-11-10,M
E020,2025-11-10,M
E021,2025-11-10,F
E022,2025-11-10,P
E023,2025-11-10,F
E024,2025-11-10,F
E025,2025-11-10,F
E026,2025-11-10,M
E027,2025-11-10,F
E028,2025-11-10,P
E029,2025-11-10,P
E030,2025-11-10,F
E031,2025-11-10,F
E032,2025-11-10,F
E033,2025-11-10,M
E034,2025-11-10,R
E035,2025-11-10,M
E036,2025-11-10,F
E037,2025-11-10,SN
E038,2025-11-10,F
E039,2025-11-10,N
E040,2025-11-10,M
E041,2025-11-10,F
E042,2025-11-10,P
E043,2025-11-10,R
E044,2025-11-10,F
E045,2025-11-10,F
E046,2025-11-10,M
E047,2025-11-10,F
E048,2025-11-10,F
E049,2025-11-10,F
E050,2025-11-10,F
E051,2025-11-10,P
E052,2025-11-10,F
E053,2025-11-10,F
E054,2025-11-10,F
E055,2025-11-10,P
E056,2025-11-10,F
E057,2025-11-10,M
E058,2025-11-10,F
E059,2025-11-10,F
E060,2025-11-10,F
E061,2025-11-10,F
E062,2025-11-10,M
E063,2025-11-10,F
E064,2025-11-10,F
E065,2025-11-10,M
E066,2025-11-10,F
E067,2025-11-10,M
E068,2025-11-10,F
E069,2025-11-10,F
E070,2025-11-10,F
E001,2025-11-11,M
E002,2025-11-11,P
E003,2025-11-11,M
E004,2025-11-11,F
E005,2025-11-11,F
E006,2025-11-11,F
E007,2025-11-11,M
E008,2025-11-11,F
E009,2025-11-11,F
E010,2025-11-11,P
E011,2025-11-11,F
E012,2025-11-11,F
E013,2025-11-11,F
E014,2025-11-11,F
E015,2025-11-11,F
E016,2025-11-11,F
E017,2025-11-11,M
E018,2025-11-11,P
E019,2025-11-11,F
E020,2025-11-11,F
E021,2025-11-11,M
E022,2025-11-11,P
E023,2025-11-11,F
E024,2025-11-11,F
E025,2025-11-11,F
E026,2025-11-11,M
E027,2025-11-11,R
E028,2025-11-11,F
E029,2025-11-11,F
E030,2025-11-11,F
E031,2025-11-11,P
E032,2025-11-11,P
E033,2025-11-11,R
E034,2025-11-11,M
E035,2025-11-11,F
E036,2025-11-11,M
E037,2025-11-11,R
E038,2025-11-11,P
E039,2025-11-11,SN
E040,2025-11-11,N
E041,2025-11-11,M
E042,2025-11-11,F
E043,2025-11-11,F
E044,2025-11-11,F
E045,2025-11-11,F
E046,2025-11-11,F
E047,2025-11-11,P
E048,2025-11-11,M
E049,2025-11-11,F
E050,2025-11-11,F
E051,2025-11-11,F
E052,2025-11-11,F
E053,2025-11-11,M
E054,2025-11-11,F
E055,2025-11-11,F
E056,2025-11-11,F
E057,2025-11-11,F
E058,2025-11-11,P
E059,2025-11-11,F
E060,2025-11-11,F
E061,2025-11-11,F
E062,2025-11-11,M
E063,2025-11-11,M
E064,2025-11-11,F
E065,2025-11-11,F
E066,2025-11-11,F
E067,2025-11-11,M
E068,2025-11-11,F
E069,2025-11-11,F
E070,2025-11-11,F
E001,2025-11-12,F
E002,2025-11-12,F
E003,2025-11-12,F
E004,2025-11-12,F
E005,2025-11-12,M
E006,2025-11-12,M
E007,2025-11-12,F
E008,2025-11-12,M
E009,2025-11-12,F
E010,2025-11-12,F
E011,2025-11-12,P
E012,2025-11-12,P
E013,2025-11-12,F
E014,2025-11-12,F
E015,2025-11-12,M
E016,2025-11-12,F
E017,2025-11-12,F
E018,2025-11-12,F
E019,2025-11-12,M
E020,2025-11-12,F
E021,2025-11-12,P
E022,2025-11-12,F
E023,2025-11-12,F
E024,2025-11-12,P
E025,2025-11-12,M
E026,2025-11-12,F
E027,2025-11-12,N
E028,2025-11-12,F
E029,2025-11-12,P
E030,2025-11-12,F
E031,2025-11-12,F
E032,2025-11-12,F
E033,2025-11-12,F
E034,2025-11-12,M
E035,2025-11-12,M
E036,2025-11-12,M
E037,2025-11-12,F
E038,2025-11-12,F
E039,2025-11-12,R
E040,2025-11-12,SN
E041,2025-11-12,P
E042,2025-11-12,F
E043,2025-11-12,P
E044,2025-11-12,F
E045,2025-11-12,P
E046,2025-11-12,F
E047,2025-11-12,F
E048,2025-11-12,F
E049,2025-11-12,F
E050,2025-11-12,F
E051,2025-11-12,F
E052,2025-11-12,M
E053,2025-11-12,P
E054,2025-11-12,F
E055,2025-11-12,F
E056,2025-11-12,M
E057,2025-11-12,F
E058,2025-11-12,F
E059,2025-11-12,F
E060,2025-11-12,F
E061,2025-11-12,F
E062,2025-11-12,M
E063,2025-11-12,M
E064,2025-11-12,F
E065,2025-11-12,F
E066,2025-11-12,F
E067,2025-11-12,F
E068,2025-11-12,M
E069,2025-11-12,F
E070,2025-11-12,F
E001,2025-11-13,F
E002,2025-11-13,P
E003,2025-11-13,F
E004,2025-11-13,M
E005,2025-11-13,F
E006,2025-11-13,F
E007,2025-11-13,M
E008,2025-11-13,F
E009,2025-11-13,M
E010,2025-11-13,F
E011,2025-11-13,F
E012,2025-11-13,P
E013,2025-11-13,M
E014,2025-11-13,P
E015,2025-11-13,F
E016,2025-11-13,F
E017,2025-11-13,F
E018,2025-11-13,F
E019,2025-11-13,F
E020,2025-11-13,M
E021,2025-11-13,F
E022,2025-11-13,F
E023,2025-11-13,P
E024,2025-11-13,F
E025,2025-11-13,M
E026,2025-11-13,F
E027,2025-11-13,SN
E028,2025-11-13,N
E029,2025-11-13,F
E030,2025-11-13,F
E031,2025-11-13,F
E032,2025-11-13,F
E033,2025-11-13,F
E034,2025-11-13,P
E035,2025-11-13,F
E036,2025-11-13,M
E037,2025-11-13,M
E038,2025-11-13,M
E039,2025-11-13,P
E040,2025-11-13,R
E041,2025-11-13,P
E042,2025-11-13,F
E043,2025-11-13,F
E044,2025-11-13,F
E045,2025-11-13,F
E046,2025-11-13,P
E047,2025-11-13,M
E048,2025-11-13,F
E049,2025-11-13,F
E050,2025-11-13,F
E051,2025-11-13,F
E052,2025-11-13,F
E053,2025-11-13,F
E054,2025-11-13,P
E055,2025-11-13,F
E056,2025-11-13,M
E057,2025-11-13,F
E058,2025-11-13,F
E059,2025-11-13,F
E060,2025-11-13,F
E061,2025-11-13,F
E062,2025-11-13,M
E063,2025-11-13,M
E064,2025-11-13,F
E065,2025-11-13,F
E066,2025-11-13,M
E067,2025-11-13,F
E068,2025-11-13,F
E069,2025-11-13,F
E070,2025-11-13,F
E001,2025-11-14,F
E002,2025-11-14,F
E003,2025-11-14,M
E004,2025-11-14,F
E005,2025-11-14,P
E006,2025-11-14,F
E007,2025-11-14,M
E008,2025-11-14,F
E009,2025-11-14,P
E010,2025-11-14,F
E011,2025-11-14,M
E012,2025-11-14,F
E013,2025-11-14,F
E014,2025-11-14,F
E015,2025-11-14,F
E016,2025-11-14,P
E017,2025-11-14,F
E018,2025-11-14,M
E019,2025-11-14,M
E020,2025-11-14,F
E021,2025-11-14,F
E022,2025-11-14,F
E023,2025-11-14,F
E024,2025-11-14,M
E025,2025-11-14,F
E026,2025-11-14,P
E027,2025-11-14,R
E028,2025-11-14,SN
E029,2025-11-14,M
E030,2025-11-14,F
E031,2025-11-14,M
E032,2025-11-14,P
E033,2025-11-14,N
E034,2025-11-14,P
E035,2025-11-14,F
E036,2025-11-14,P
E037,2025-11-14,F
E038,2025-11-14,M
E039,2025-11-14,F
E040,2025-11-14,F
E041,2025-11-14,F
E042,2025-11-14,F
E043,2025-11-14,F
E044,2025-11-14,F
E045,2025-11-14,P
E046,2025-11-14,F
E047,2025-11-14,F
E048,2025-11-14,M
E049,2025-11-14,F
E050,2025-11-14,F
E051,2025-11-14,F
E052,2025-11-14,F
E053,2025-11-14,M
E054,2025-11-14,F
E055,2025-11-14,F
E056,2025-11-14,F
E057,2025-11-14,F
E058,2025-11-14,P
E059,2025-11-14,F
E060,2025-11-14,F
E061,2025-11-14,F
E062,2025-11-14,M
E063,2025-11-14,F
E064,2025-11-14,F
E065,2025-11-14,M
E066,2025-11-14,F
E067,2025-11-14,F
E068,2025-11-14,M
E069,2025-11-14,F
E070,2025-11-14,F
E001,2025-11-15,F
E002,2025-11-15,F
E003,2025-11-15,M
E004,2025-11-15,P
E005,2025-11-15,F
E006,2025-11-15,P
E007,2025-11-15,F
E008,2025-11-15,M
E009,2025-11-15,F
E010,2025-11-15,F
E011,2025-11-15,F
E012,2025-11-15,M
E013,2025-11-15,F
E014,2025-11-15,F
E015,2025-11-15,F
E016,2025-11-15,P
E017,2025-11-15,M
E018,2025-11-15,F
E019,2025-11-15,F
E020,2025-11-15,F
E021,2025-11-15,M
E022,2025-11-15,F
E023,2025-11-15,M
E024,2025-11-15,P
E025,2025-11-15,F
E026,2025-11-15,F
E027,2025-11-15,F
E028,2025-11-15,R
E029,2025-11-15,N
E030,2025-11-15,F
E031,2025-11-15,P
E032,2025-11-15,F
E033,2025-11-15,SN
E034,2025-11-15,F
E035,2025-11-15,M
E036,2025-11-15,F
E037,2025-11-15,F
E038,2025-11-15,F
E039,2025-11-15,P
E040,2025-11-15,P
E041,2025-11-15,M
E042,2025-11-15,M
E043,2025-11-15,F
E044,2025-11-15,M
E045,2025-11-15,F
E046,2025-11-15,F
E047,2025-11-15,F
E048,2025-11-15,F
E049,2025-11-15,P
E050,2025-11-15,F
E051,2025-11-15,F
E052,2025-11-15,F
E053,2025-11-15,F
E054,2025-11-15,M
E055,2025-11-15,P
E056,2025-11-15,F
E057,2025-11-15,F
E058,2025-11-15,F
E059,2025-11-15,F
E060,2025-11-15,F
E061,2025-11-15,M
E062,2025-11-15,F
E063,2025-11-15,M
E064,2025-11-15,F
E065,2025-11-15,F
E066,2025-11-15,F
E067,2025-11-15,M
E068,2025-11-15,F
E069,2025-11-15,F
E070,2025-11-15,F
E001,2025-11-16,F
E002,2025-11-16,P
E003,2025-11-16,F
E004,2025-11-16,P
E005,2025-11-16,F
E006,2025-11-16,F
E007,2025-11-16,F
E008,2025-11-16,M
E009,2025-11-16,F
E010,2025-11-16,M
E011,2025-11-16,F
E012,2025-11-16,M
E013,2025-11-16,F
E014,2025-11-16,F
E015,2025-11-16,M
E016,2025-11-16,F
E017,2025-11-16,P
E018,2025-11-16,F
E019,2025-11-16,F
E020,2025-11-16,M
E021,2025-11-16,F
E022,2025-11-16,F
E023,2025-11-16,P
E024,2025-11-16,F
E025,2025-11-16,F
E026,2025-11-16,M
E027,2025-11-16,F
E028,2025-11-16,F
E029,2025-11-16,SN
E030,2025-11-16,P
E031,2025-11-16,F
E032,2025-11-16,M
E033,2025-11-16,R
E034,2025-11-16,F
E035,2025-11-16,N
E036,2025-11-16,M
E037,2025-11-16,P
E038,2025-11-16,F
E039,2025-11-16,F
E040,2025-11-16,P
E041,2025-11-16,F
E042,2025-11-16,M
E043,2025-11-16,F
E044,2025-11-16,M
E045,2025-11-16,F
E046,2025-11-16,F
E047,2025-11-16,F
E048,2025-11-16,F
E049,2025-11-16,F
E050,2025-11-16,P
E051,2025-11-16,F
E052,2025-11-16,F
E053,2025-11-16,F
E054,2025-11-16,F
E055,2025-11-16,F
E056,2025-11-16,P
E057,2025-11-16,M
E058,2025-11-16,F
E059,2025-11-16,F
E060,2025-11-16,M
E061,2025-11-16,F
E062,2025-11-16,F
E063,2025-11-16,F
E064,2025-11-16,M
E065,2025-11-16,F
E066,2025-11-16,F
E067,2025-11-16,F
E068,2025-11-16,F
E069,2025-11-16,M
E070,2025-11-16,F
E001,2025-11-17,F
E002,2025-11-17,F
E003,2025-11-17,F
E004,2025-11-17,F
E005,2025-11-17,M
E006,2025-11-17,M
E007,2025-11-17,F
E008,2025-11-17,F
E009,2025-11-17,F
E010,2025-11-17,P
E011,2025-11-17,P
E012,2025-11-17,M
E013,2025-11-17,F
E014,2025-11-17,F
E015,2025-11-17,F
E016,2025-11-17,F
E017,2025-11-17,P
E018,2025-11-17,F
E019,2025-11-17,F
E020,2025-11-17,M
E021,2025-11-17,M
E022,2025-11-17,F
E023,2025-11-17,P
E024,2025-11-17,F
E025,2025-11-17,M
E026,2025-11-17,F
E027,2025-11-17,F
E028,2025-11-17,M
E029,2025-11-17,R
E030,2025-11-17,F
E031,2025-11-17,P
E032,2025-11-17,M
E033,2025-11-17,F
E034,2025-11-17,F
E035,2025-11-17,SN
E036,2025-11-17,P
E037,2025-11-17,F
E038,2025-11-17,F
E039,2025-11-17,M
E040,2025-11-17,F
E041,2025-11-17,F
E042,2025-11-17,P
E043,2025-11-17,N
E044,2025-11-17,F
E045,2025-11-17,M
E046,2025-11-17,F
E047,2025-11-17,F
E048,2025-11-17,F
E049,2025-11-17,F
E050,2025-11-17,F
E051,2025-11-17,F
E052,2025-11-17,P
E053,2025-11-17,F
E054,2025-11-17,F
E055,2025-11-17,P
E056,2025-11-17,F
E057,2025-11-17,F
E058,2025-11-17,M
E059,2025-11-17,M
E060,2025-11-17,F
E061,2025-11-17,F
E062,2025-11-17,F
E063,2025-11-17,F
E064,2025-11-17,M
E065,2025-11-17,F
E066,2025-11-17,F
E067,2025-11-17,F
E068,2025-11-17,F
E069,2025-11-17,F
E070,2025-11-17,M
E001,2025-11-18,F
E002,2025-11-18,M
E003,2025-11-18,F
E004,2025-11-18,P
E005,2025-11-18,F
E006,2025-11-18,F
E007,2025-11-18,M
E008,2025-11-18,P
E009,2025-11-18,F
E010,2025-11-18,F
E011,2025-11-18,F
E012,2025-11-18,M
E013,2025-11-18,M
E014,2025-11-18,F
E015,2025-11-18,F
E016,2025-11-18,M
E017,2025-11-18,F
E018,2025-11-18,F
E019,2025-11-18,F
E020,2025-11-18,P
E021,2025-11-18,F
E022,2025-11-18,F
E023,2025-11-18,F
E024,2025-11-18,P
E025,2025-11-18,M
E026,2025-11-18,F
E027,2025-11-18,P
E028,2025-11-18,F
E029,2025-11-18,F
E030,2025-11-18,M
E031,2025-11-18,F
E032,2025-11-18,P
E033,2025-11-18,F
E034,2025-11-18,F
E035,2025-11-18,R
E036,2025-11-18,N
E037,2025-11-18,F
E038,2025-11-18,F
E039,2025-11-18,P
E040,2025-11-18,M
E041,2025-11-18,M
E042,2025-11-18,F
E043,2025-11-18,SN
E044,2025-11-18,F
E045,2025-11-18,M
E046,2025-11-18,F
E047,2025-11-18,P
E048,2025-11-18,F
E049,2025-11-18,F
E050,2025-11-18,F
E051,2025-11-18,F
E052,2025-11-18,F
E053,2025-11-18,M
E054,2025-11-18,F
E055,2025-11-18,F
E056,2025-11-18,F
E057,2025-11-18,P
E058,2025-11-18,F
E059,2025-11-18,M
E060,2025-11-18,F
E061,2025-11-18,F
E062,2025-11-18,F
E063,2025-11-18,F
E064,2025-11-18,F
E065,2025-11-18,M
E066,2025-11-18,F
E067,2025-11-18,F
E068,2025-11-18,F
E069,2025-11-18,F
E070,2025-11-18,M
E001,2025-11-19,F
E002,2025-11-19,F
E003,2025-11-19,M
E004,2025-11-19,F
E005,2025-11-19,F
E006,2025-11-19,P
E007,2025-11-19,M
E008,2025-11-19,F
E009,2025-11-19,P
E010,2025-11-19,M
E011,2025-11-19,F
E012,2025-11-19,F
E013,2025-11-19,F
E014,2025-11-19,P
E015,2025-11-19,F
E016,2025-11-19,F
E017,2025-11-19,F
E018,2025-11-19,M
E019,2025-11-19,M
E020,2025-11-19,F
E021,2025-11-19,F
E022,2025-11-19,P
E023,2025-11-19,F
E024,2025-11-19,F
E025,2025-11-19,M
E026,2025-11-19,F
E027,2025-11-19,F
E028,2025-11-19,P
E029,2025-11-19,M
E030,2025-11-19,F
E031,2025-11-19,F
E032,2025-11-19,F
E033,2025-11-19,F
E034,2025-11-19,N
E035,2025-11-19,F
E036,2025-11-19,SN
E037,2025-11-19,P
E038,2025-11-19,M
E039,2025-11-19,F
E040,2025-11-19,F
E041,2025-11-19,P
E042,2025-11-19,M
E043,2025-11-19,R
E044,2025-11-19,F
E045,2025-11-19,M
E046,2025-11-19,F
E047,2025-11-19,F
E048,2025-11-19,F
E049,2025-11-19,P
E050,2025-11-19,F
E051,2025-11-19,F
E052,2025-11-19,F
E053,2025-11-19,F
E054,2025-11-19,M
E055,2025-11-19,P
E056,2025-11-19,F
E057,2025-11-19,F
E058,2025-11-19,F
E059,2025-11-19,M
E060,2025-11-19,F
E061,2025-11-19,F
E062,2025-11-19,F
E063,2025-11-19,F
E064,2025-11-19,M
E065,2025-11-19,F
E066,2025-11-19,F
E067,2025-11-19,F
E068,2025-11-19,F
E069,2025-11-19,F
E070,2025-11-19,M
E001,2025-11-20,P
E002,2025-11-20,F
E003,2025-11-20,F
E004,2025-11-20,M
E005,2025-11-20,F
E006,2025-11-20,F
E007,2025-11-20,P
E008,2025-11-20,F
E009,2025-11-20,F
E010,2025-11-20,M
E011,2025-11-20,M
E012,2025-11-20,F
E013,2025-11-20,P
E014,2025-11-20,F
E015,2025-11-20,F
E016,2025-11-20,M
E017,2025-11-20,F
E018,2025-11-20,M
E019,2025-11-20,F
E020,2025-11-20,F
E021,2025-11-20,F
E022,2025-11-20,F
E023,2025-11-20,F
E024,2025-11-20,M
E025,2025-11-20,F
E026,2025-11-20,P
E027,2025-11-20,N
E028,2025-11-20,P
E029,2025-11-20,M
E030,2025-11-20,F
E031,2025-11-20,M
E032,2025-11-20,F
E033,2025-11-20,F
E034,2025-11-20,SN
E035,2025-11-20,M
E036,2025-11-20,R
E037,2025-11-20,F
E038,2025-11-20,P
E039,2025-11-20,F
E040,2025-11-20,F
E041,2025-11-20,F
E042,2025-11-20,F
E043,2025-11-20,P
E044,2025-11-20,F
E045,2025-11-20,F
E046,2025-11-20,F
E047,2025-11-20,P
E048,2025-11-20,F
E049,2025-11-20,F
E050,2025-11-20,M
E051,2025-11-20,F
E052,2025-11-20,F
E053,2025-11-20,F
E054,2025-11-20,M
E055,2025-11-20,F
E056,2025-11-20,P
E057,2025-11-20,F
E058,2025-11-20,F
E059,2025-11-20,M
E060,2025-11-20,F
E061,2025-11-20,F
E062,2025-11-20,F
E063,2025-11-20,F
E064,2025-11-20,M
E065,2025-11-20,F
E066,2025-11-20,F
E067,2025-11-20,F
E068,2025-11-20,F
E069,2025-11-20,F
E070,2025-11-20,M
E001,2025-11-21,F
E002,2025-11-21,M
E003,2025-11-21,F
E004,2025-11-21,M
E005,2025-11-21,F
E006,2025-11-21,P
E007,2025-11-21,F
E008,2025-11-21,P
E009,2025-11-21,F
E010,2025-11-21,M
E011,2025-11-21,F
E012,2025-11-21,F
E013,2025-11-21,F
E014,2025-11-21,F
E015,2025-11-21,F
E016,2025-11-21,M
E017,2025-11-21,P
E018,2025-11-21,F
E019,2025-11-21,M
E020,2025-11-21,F
E021,2025-11-21,F
E022,2025-11-21,F
E023,2025-11-21,M
E024,2025-11-21,F
E025,2025-11-21,F
E026,2025-11-21,P
E027,2025-11-21,SN
E028,2025-11-21,F
E029,2025-11-21,R
E030,2025-11-21,P
E031,2025-11-21,M
E032,2025-11-21,N
E033,2025-11-21,F
E034,2025-11-21,R
E035,2025-11-21,F
E036,2025-11-21,F
E037,2025-11-21,F
E038,2025-11-21,P
E039,2025-11-21,F
E040,2025-11-21,M
E041,2025-11-21,F
E042,2025-11-21,M
E043,2025-11-21,P
E044,2025-11-21,F
E045,2025-11-21,F
E046,2025-11-21,F
E047,2025-11-21,F
E048,2025-11-21,F
E049,2025-11-21,M
E050,2025-11-21,F
E051,2025-11-21,P
E052,2025-11-21,F
E053,2025-11-21,F
E054,2025-11-21,F
E055,2025-11-21,F
E056,2025-11-21,P
E057,2025-11-21,M
E058,2025-11-21,F
E059,2025-11-21,F
E060,2025-11-21,F
E061,2025-11-21,M
E062,2025-11-21,F
E063,2025-11-21,F
E064,2025-11-21,M
E065,2025-11-21,F
E066,2025-11-21,M
E067,2025-11-21,F
E068,2025-11-21,F
E069,2025-11-21,F
E070,2025-11-21,F
E001,2025-11-22,P
E002,2025-11-22,F
E003,2025-11-22,F
E004,2025-11-22,F
E005,2025-11-22,P
E006,2025-11-22,F
E007,2025-11-22,F
E008,2025-11-22,F
E009,2025-11-22,M
E010,2025-11-22,M
E011,2025-11-22,F
E012,2025-11-22,M
E013,2025-11-22,F
E014,2025-11-22,P
E015,2025-11-22,M
E016,2025-11-22,F
E017,2025-11-22,F
E018,2025-11-22,F
E019,2025-11-22,M
E020,2025-11-22,F
E021,2025-11-22,F
E022,2025-11-22,F
E023,2025-11-22,F
E024,2025-11-22,M
E025,2025-11-22,P
E026,2025-11-22,F
E027,2025-11-22,R
E028,2025-11-22,F
E029,2025-11-22,M
E030,2025-11-22,P
E031,2025-11-22,P
E032,2025-11-22,SN
E033,2025-11-22,F
E034,2025-11-22,M
E035,2025-11-22,M
E036,2025-11-22,N
E037,2025-11-22,F
E038,2025-11-22,P
E039,2025-11-22,F
E040,2025-11-22,F
E041,2025-11-22,F
E042,2025-11-22,F
E043,2025-11-22,F
E044,2025-11-22,F
E045,2025-11-22,F
E046,2025-11-22,P
E047,2025-11-22,F
E048,2025-11-22,F
E049,2025-11-22,F
E050,2025-11-22,M
E051,2025-11-22,F
E052,2025-11-22,F
E053,2025-11-22,F
E054,2025-11-22,P
E055,2025-11-22,F
E056,2025-11-22,F
E057,2025-11-22,F
E058,2025-11-22,M
E059,2025-11-22,F
E060,2025-11-22,F
E061,2025-11-22,F
E062,2025-11-22,M
E063,2025-11-22,F
E064,2025-11-22,F
E065,2025-11-22,M
E066,2025-11-22,F
E067,2025-11-22,F
E068,2025-11-22,F
E069,2025-11-22,F
E070,2025-11-22,M
E001,2025-11-23,F
E002,2025-11-23,F
E003,2025-11-23,M
E004,2025-11-23,P
E005,2025-11-23,F
E006,2025-11-23,F
E007,2025-11-23,M
E008,2025-11-23,P
E009,2025-11-23,F
E010,2025-11-23,M
E011,2025-11-23,F
E012,2025-11-23,F
E013,2025-11-23,F
E014,2025-11-23,P
E015,2025-11-23,F
E016,2025-11-23,F
E017,2025-11-23,M
E018,2025-11-23,F
E019,2025-11-23,F
E020,2025-11-23,F
E021,2025-11-23,M
E022,2025-11-23,F
E023,2025-11-23,F
E024,2025-11-23,M
E025,2025-11-23,P
E026,2025-11-23,F
E027,2025-11-23,P
E028,2025-11-23,P
E029,2025-11-23,P
E030,2025-11-23,F
E031,2025-11-23,F
E032,2025-11-23,R
E033,2025-11-23,M
E034,2025-11-23,F
E035,2025-11-23,F
E036,2025-11-23,SN
E037,2025-11-23,F
E038,2025-11-23,N
E039,2025-11-23,F
E040,2025-11-23,F
E041,2025-11-23,M
E042,2025-11-23,M
E043,2025-11-23,F
E044,2025-11-23,F
E045,2025-11-23,F
E046,2025-11-23,P
E047,2025-11-23,F
E048,2025-11-23,F
E049,2025-11-23,F
E050,2025-11-23,M
E051,2025-11-23,F
E052,2025-11-23,F
E053,2025-11-23,F
E054,2025-11-23,F
E055,2025-11-23,F
E056,2025-11-23,P
E057,2025-11-23,M
E058,2025-11-23,F
E059,2025-11-23,M
E060,2025-11-23,F
E061,2025-11-23,F
E062,2025-11-23,F
E063,2025-11-23,F
E064,2025-11-23,F
E065,2025-11-23,M
E066,2025-11-23,M
E067,2025-11-23,F
E068,2025-11-23,F
E069,2025-11-23,F
E070,2025-11-23,F
E001,2025-11-24,F
E002,2025-11-24,M
E003,2025-11-24,P
E004,2025-11-24,F
E005,2025-11-24,M
E006,2025-11-24,F
E007,2025-11-24,F
E008,2025-11-24,F
E009,2025-11-24,F
E010,2025-11-24,F
E011,2025-11-24,P
E012,2025-11-24,M
E013,2025-11-24,M
E014,2025-11-24,F
E015,2025-11-24,P
E016,2025-11-24,F
E017,2025-11-24,M
E018,2025-11-24,F
E019,2025-11-24,F
E020,2025-11-24,F
E021,2025-11-24,F
E022,2025-11-24,M
E023,2025-11-24,F
E024,2025-11-24,F
E025,2025-11-24,F
E026,2025-11-24,P
E027,2025-11-24,N
E028,2025-11-24,F
E029,2025-11-24,F
E030,2025-11-24,R
E031,2025-11-24,F
E032,2025-11-24,M
E033,2025-11-24,F
E034,2025-11-24,P
E035,2025-11-24,M
E036,2025-11-24,R
E037,2025-11-24,P
E038,2025-11-24,SN
E039,2025-11-24,P
E040,2025-11-24,R
E041,2025-11-24,F
E042,2025-11-24,F
E043,2025-11-24,M
E044,2025-11-24,F
E045,2025-11-24,F
E046,2025-11-24,F
E047,2025-11-24,F
E048,2025-11-24,F
E049,2025-11-24,P
E050,2025-11-24,F
E051,2025-11-24,M
E052,2025-11-24,F
E053,2025-11-24,M
E054,2025-11-24,P
E055,2025-11-24,F
E056,2025-11-24,F
E057,2025-11-24,F
E058,2025-11-24,F
E059,2025-11-24,F
E060,2025-11-24,F
E061,2025-11-24,F
E062,2025-11-24,M
E063,2025-11-24,F
E064,2025-11-24,F
E065,2025-11-24,M
E066,2025-11-24,F
E067,2025-11-24,F
E068,2025-11-24,F
E069,2025-11-24,M
E070,2025-11-24,F
E001,2025-11-25,P
E002,2025-11-25,F
E003,2025-11-25,F
E004,2025-11-25,F
E005,2025-11-25,P
E006,2025-11-25,M
E007,2025-11-25,F
E008,2025-11-25,M
E009,2025-11-25,F
E010,2025-11-25,M
E011,2025-11-25,F
E012,2025-11-25,F
E013,2025-11-25,F
E014,2025-11-25,M
E015,2025-11-25,P
E016,2025-11-25,F
E017,2025-11-25,F
E018,2025-11-25,F
E019,2025-11-25,F
E020,2025-11-25,M
E021,2025-11-25,F
E022,2025-11-25,F
E023,2025-11-25,F
E024,2025-11-25,M
E025,2025-11-25,F
E026,2025-11-25,P
E027,2025-11-25,SN
E028,2025-11-25,R
E029,2025-11-25,P
E030,2025-11-25,F
E031,2025-11-25,F
E032,2025-11-25,F
E033,2025-11-25,N
E034,2025-11-25,P
E035,2025-11-25,M
E036,2025-11-25,F
E037,2025-11-25,F
E038,2025-11-25,R
E039,2025-11-25,F
E040,2025-11-25,M
E041,2025-11-25,M
E042,2025-11-25,F
E043,2025-11-25,P
E044,2025-11-25,F
E045,2025-11-25,F
E046,2025-11-25,F
E047,2025-11-25,M
E048,2025-11-25,F
E049,2025-11-25,F
E050,2025-11-25,F
E051,2025-11-25,F
E052,2025-11-25,P
E053,2025-11-25,M
E054,2025-11-25,F
E055,2025-11-25,F
E056,2025-11-25,P
E057,2025-11-25,F
E058,2025-11-25,F
E059,2025-11-25,F
E060,2025-11-25,M
E061,2025-11-25,F
E062,2025-11-25,F
E063,2025-11-25,F
E064,2025-11-25,M
E065,2025-11-25,F
E066,2025-11-25,M
E067,2025-11-25,F
E068,2025-11-25,F
E069,2025-11-25,F
E070,2025-11-25,F
E001,2025-11-26,F
E002,2025-11-26,M
E003,2025-11-26,F
E004,2025-11-26,P
E005,2025-11-26,F
E006,2025-11-26,M
E007,2025-11-26,P
E008,2025-11-26,M
E009,2025-11-26,F
E010,2025-11-26,F
E011,2025-11-26,F
E012,2025-11-26,F
E013,2025-11-26,M
E014,2025-11-26,F
E015,2025-11-26,F
E016,2025-11-26,M
E017,2025-11-26,F
E018,2025-11-26,P
E019,2025-11-26,F
E020,2025-11-26,F
E021,2025-11-26,F
E022,2025-11-26,F
E023,2025-11-26,F
E024,2025-11-26,M
E025,2025-11-26,P
E026,2025-11-26,F
E027,2025-11-26,R
E028,2025-11-26,F
E029,2025-11-26,P
E030,2025-11-26,M
E031,2025-11-26,M
E032,2025-11-26,F
E033,2025-11-26,SN
E034,2025-11-26,F
E035,2025-11-26,F
E036,2025-11-26,F
E037,2025-11-26,M
E038,2025-11-26,P
E039,2025-11-26,F
E040,2025-11-26,P
E041,2025-11-26,F
E042,2025-11-26,F
E043,2025-11-26,N
E044,2025-11-26,M
E045,2025-11-26,F
E046,2025-11-26,F
E047,2025-11-26,F
E048,2025-11-26,F
E049,2025-11-26,P
E050,2025-11-26,F
E051,2025-11-26,F
E052,2025-11-26,F
E053,2025-11-26,F
E054,2025-11-26,F
E055,2025-11-26,M
E056,2025-11-26,F
E057,2025-11-26,F
E058,2025-11-26,P
E059,2025-11-26,F
E060,2025-11-26,F
E061,2025-11-26,M
E062,2025-11-26,F
E063,2025-11-26,F
E064,2025-11-26,M
E065,2025-11-26,F
E066,2025-11-26,F
E067,2025-11-26,F
E068,2025-11-26,M
E069,2025-11-26,F
E070,2025-11-26,F
E001,2025-11-27,M
E002,2025-11-27,F
E003,2025-11-27,M
E004,2025-11-27,P
E005,2025-11-27,F
E006,2025-11-27,F
E007,2025-11-27,F
E008,2025-11-27,F
E009,2025-11-27,F
E010,2025-11-27,F
E011,2025-11-27,P
E012,2025-11-27,M
E013,2025-11-27,F
E014,2025-11-27,P
E015,2025-11-27,F
E016,2025-11-27,M
E017,2025-11-27,M
E018,2025-11-27,F
E019,2025-11-27,F
E020,2025-11-27,F
E021,2025-11-27,F
E022,2025-11-27,M
E023,2025-11-27,P
E024,2025-11-27,F
E025,2025-11-27,F
E026,2025-11-27,F
E027,2025-11-27,P
E028,2025-11-27,F
E029,2025-11-27,F
E030,2025-11-27,N
E031,2025-11-27,F
E032,2025-11-27,P
E033,2025-11-27,R
E034,2025-11-27,F
E035,2025-11-27,M
E036,2025-11-27,M
E037,2025-11-27,M
E038,2025-11-27,F
E039,2025-11-27,P
E040,2025-11-27,F
E041,2025-11-27,F
E042,2025-11-27,F
E043,2025-11-27,SN
E044,2025-11-27,F
E045,2025-11-27,F
E046,2025-11-27,F
E047,2025-11-27,F
E048,2025-11-27,F
E049,2025-11-27,F
E050,2025-11-27,M
E051,2025-11-27,F
E052,2025-11-27,P
E053,2025-11-27,F
E054,2025-11-27,F
E055,2025-11-27,F
E056,2025-11-27,P
E057,2025-11-27,M
E058,2025-11-27,F
E059,2025-11-27,M
E060,2025-11-27,F
E061,2025-11-27,F
E062,2025-11-27,F
E063,2025-11-27,F
E064,2025-11-27,M
E065,2025-11-27,F
E066,2025-11-27,F
E067,2025-11-27,F
E068,2025-11-27,M
E069,2025-11-27,F
E070,2025-11-27,F
E001,2025-11-28,M
E002,2025-11-28,M
E003,2025-11-28,F
E004,2025-11-28,F
E005,2025-11-28,M
E006,2025-11-28,P
E007,2025-11-28,F
E008,2025-11-28,F
E009,2025-11-28,F
E010,2025-11-28,P
E011,2025-11-28,F
E012,2025-11-28,F
E013,2025-11-28,M
E014,2025-11-28,F
E015,2025-11-28,P
E016,2025-11-28,F
E017,2025-11-28,M
E018,2025-11-28,F
E019,2025-11-28,F
E020,2025-11-28,F
E021,2025-11-28,F
E022,2025-11-28,F
E023,2025-11-28,P
E024,2025-11-28,F
E025,2025-11-28,M
E026,2025-11-28,F
E027,2025-11-28,F
E028,2025-11-28,M
E029,2025-11-28,F
E030,2025-11-28,SN
E031,2025-11-28,P
E032,2025-11-28,P
E033,2025-11-28,F
E034,2025-11-28,N
E035,2025-11-28,F
E036,2025-11-28,F
E037,2025-11-28,F
E038,2025-11-28,F
E039,2025-11-28,P
E040,2025-11-28,M
E041,2025-11-28,F
E042,2025-11-28,M
E043,2025-11-28,R
E044,2025-11-28,F
E045,2025-11-28,F
E046,2025-11-28,F
E047,2025-11-28,F
E048,2025-11-28,P
E049,2025-11-28,F
E050,2025-11-28,F
E051,2025-11-28,M
E052,2025-11-28,F
E053,2025-11-28,F
E054,2025-11-28,F
E055,2025-11-28,P
E056,2025-11-28,F
E057,2025-11-28,F
E058,2025-11-28,M
E059,2025-11-28,F
E060,2025-11-28,M
E061,2025-11-28,F
E062,2025-11-28,F
E063,2025-11-28,F
E064,2025-11-28,F
E065,2025-11-28,M
E066,2025-11-28,F
E067,2025-11-28,F
E068,2025-11-28,F
E069,2025-11-28,M
E070,2025-11-28,F
E001,2025-11-29,M
E002,2025-11-29,F
E003,2025-11-29,P
E004,2025-11-29,P
E005,2025-11-29,F
E006,2025-11-29,F
E007,2025-11-29,F
E008,2025-11-29,F
E009,2025-11-29,M
E010,2025-11-29,F
E011,2025-11-29,M
E012,2025-11-29,F
E013,2025-11-29,M
E014,2025-11-29,F
E015,2025-11-29,P
E016,2025-11-29,F
E017,2025-11-29,F
E018,2025-11-29,F
E019,2025-11-29,M
E020,2025-11-29,F
E021,2025-11-29,F
E022,2025-11-29,M
E023,2025-11-29,P
E024,2025-11-29,F
E025,2025-11-29,F
E026,2025-11-29,F
E027,2025-11-29,N
E028,2025-11-29,P
E029,2025-11-29,F
E030,2025-11-29,R
E031,2025-11-29,F
E032,2025-11-29,P
E033,2025-11-29,M
E034,2025-11-29,SN
E035,2025-11-29,F
E036,2025-11-29,P
E037,2025-11-29,M
E038,2025-11-29,F
E039,2025-11-29,F
E040,2025-11-29,F
E041,2025-11-29,M
E042,2025-11-29,F
E043,2025-11-29,F
E044,2025-11-29,M
E045,2025-11-29,P
E046,2025-11-29,F
E047,2025-11-29,F
E048,2025-11-29,F
E049,2025-11-29,F
E050,2025-11-29,F
E051,2025-11-29,F
E052,2025-11-29,F
E053,2025-11-29,F
E054,2025-11-29,M
E055,2025-11-29,F
E056,2025-11-29,F
E057,2025-11-29,P
E058,2025-11-29,F
E059,2025-11-29,F
E060,2025-11-29,M
E061,2025-11-29,F
E062,2025-11-29,F
E063,2025-11-29,M
E064,2025-11-29,F
E065,2025-11-29,F
E066,2025-11-29,F
E067,2025-11-29,M
E068,2025-11-29,F
E069,2025-11-29,F
E070,2025-11-29,F
E001,2025-11-30,M
E002,2025-11-30,M
E003,2025-11-30,F
E004,2025-11-30,P
E005,2025-11-30,P
E006,2025-11-30,F
E007,2025-11-30,F
E008,2025-11-30,F
E009,2025-11-30,M
E010,2025-11-30,F
E011,2025-11-30,F
E012,2025-11-30,F
E013,2025-11-30,F
E014,2025-11-30,F
E015,2025-11-30,F
E016,2025-11-30,F
E017,2025-11-30,F
E018,2025-11-30,M
E019,2025-11-30,F
E020,2025-11-30,P
E021,2025-11-30,M
E022,2025-11-30,F
E023,2025-11-30,P
E024,2025-11-30,F
E025,2025-11-30,F
E026,2025-11-30,M
E027,2025-11-30,SN
E028,2025-11-30,P
E029,2025-11-30,F
E030,2025-11-30,P
E031,2025-11-30,M
E032,2025-11-30,P
E033,2025-11-30,N
E034,2025-11-30,R
E035,2025-11-30,F
E036,2025-11-30,F
E037,2025-11-30,F
E038,2025-11-30,M
E039,2025-11-30,M
E040,2025-11-30,F
E041,2025-11-30,F
E042,2025-11-30,F
E043,2025-11-30,F
E044,2025-11-30,M
E045,2025-11-30,F
E046,2025-11-30,F
E047,2025-11-30,F
E048,2025-11-30,F
E049,2025-11-30,P
E050,2025-11-30,F
E051,2025-11-30,F
E052,2025-11-30,F
E053,2025-11-30,P
E054,2025-11-30,M
E055,2025-11-30,F
E056,2025-11-30,F
E057,2025-11-30,F
E058,2025-11-30,F
E059,2025-11-30,F
E060,2025-11-30,M
E061,2025-11-30,F
E062,2025-11-30,F
E063,2025-11-30,F
E064,2025-11-30,M
E065,2025-11-30,F
E066,2025-11-30,F
E067,2025-11-30,M
E068,2025-11-30,F
E069,2025-11-30,F
E070,2025-11-30,F
